25 (0),25 (1),25 (2),25 (3),25 (4),10 (0),10 (1),10 (2),10 (3),10 (4),50 (0),50 (1),50 (2),50 (3),50 (4),5 (0),5 (1),5 (2),5 (3),5 (4),15 (0),15 (1),15 (2),15 (3),15 (4)
508,468,481,496,550,468,514,489,522,451,511,521,498,525,514,528,510,495,487,494,533,512,444,477,466
500,460,473,488,542,460,506,481,514,443,503,513,490,517,506,520,502,487,479,486,525,504,436,469,458
492,452,465,480,534,452,498,473,506,435,495,505,482,509,498,512,494,479,471,478,517,496,428,461,450
484,444,457,472,526,444,490,465,498,427,487,497,474,501,490,504,486,471,463,470,509,488,420,453,442
476,436,449,464,518,436,482,457,490,419,479,489,466,493,482,496,478,463,455,462,501,480,412,445,434
468,428,441,456,510,428,474,449,482,412,471,481,458,485,474,488,470,455,447,454,493,472,404,437,426
460,420,433,448,502,420,466,441,474,405,463,473,450,477,466,480,462,447,439,446,485,464,396,429,418
453,412,426,440,494,412,458,434,466,398,455,465,442,469,458,472,454,440,431,438,477,456,388,421,410
446,404,419,432,486,404,450,427,458,391,447,458,434,461,450,464,446,433,423,430,469,448,381,413,403
439,397,412,424,478,397,442,420,450,384,439,451,426,453,442,456,438,426,416,422,461,440,374,406,396
432,390,405,416,470,390,434,413,443,377,431,444,418,445,434,448,430,419,409,414,453,432,367,399,389
425,383,398,409,462,383,426,406,436,370,423,437,411,437,427,440,422,412,402,406,445,424,360,392,382
418,376,391,402,454,376,419,399,429,363,415,430,404,429,420,432,415,405,395,398,437,416,353,385,375
411,369,384,395,447,369,412,392,422,356,407,423,397,422,413,424,408,398,388,391,430,408,346,378,368
404,362,377,388,440,362,405,385,415,349,399,416,390,415,406,416,401,391,381,384,423,400,340,371,361
397,355,370,381,433,355,398,378,408,342,392,409,383,408,399,409,394,384,374,377,416,392,334,364,354
390,348,363,374,426,348,391,371,401,335,385,402,376,401,392,402,387,377,367,370,409,384,328,357,348
383,341,356,367,419,341,384,364,394,329,378,395,369,394,385,395,380,370,360,363,402,377,322,350,342
376,335,349,360,412,334,377,357,387,323,371,388,362,387,378,388,373,363,353,356,395,370,316,344,336
369,329,342,353,405,327,370,351,380,317,364,381,355,380,371,381,366,356,346,349,388,363,310,338,330
362,323,335,346,398,321,363,345,373,311,357,374,348,373,364,374,359,349,340,342,381,356,304,332,324
355,317,329,339,391,315,357,339,367,305,350,367,341,366,358,367,352,342,334,335,375,349,298,326,318
348,311,323,332,384,309,351,333,361,299,343,361,334,359,352,360,346,335,328,328,369,342,293,320,312
342,305,317,325,377,303,345,327,355,293,336,355,327,352,346,353,340,328,322,321,363,335,288,314,306
336,299,311,318,370,297,339,321,349,288,329,349,321,345,340,346,334,322,316,314,357,328,283,308,300
330,293,305,312,363,291,333,315,343,283,322,343,315,338,334,339,328,316,310,307,351,321,278,302,294
324,287,299,306,356,285,327,309,337,278,315,337,309,331,328,332,322,310,304,300,345,314,273,296,288
318,281,293,300,349,279,321,303,331,273,309,331,303,325,322,326,316,304,298,294,339,308,268,290,283
312,276,287,294,342,273,315,297,325,268,303,325,297,319,316,320,310,298,292,288,333,302,263,284,278
306,271,281,288,335,268,309,291,319,263,297,319,291,313,310,314,304,292,286,282,327,296,258,278,273
300,266,275,282,328,263,303,285,313,258,291,313,285,307,304,308,298,286,280,276,321,290,253,272,268
294,261,269,276,322,258,297,279,307,253,285,307,279,301,299,302,292,280,274,270,315,284,248,266,263
288,256,263,270,316,253,291,274,301,248,279,301,273,295,294,296,287,274,268,264,309,278,243,260,258
282,251,258,264,310,248,285,269,295,243,273,295,268,289,289,290,282,268,263,258,303,272,239,254,253
276,246,253,258,304,243,279,264,289,238,267,289,263,283,284,284,277,262,258,253,297,266,235,248,248
270,241,248,253,298,238,274,259,283,234,261,283,258,277,279,278,272,256,253,248,291,260,231,243,243
265,236,243,248,292,233,269,254,278,230,255,277,253,271,274,272,267,250,248,243,285,255,227,238,239
260,231,238,243,286,229,264,249,273,226,250,271,248,265,269,267,262,244,243,238,279,250,223,233,235
255,226,233,238,280,225,259,244,268,222,245,265,243,259,264,262,257,238,238,233,274,245,219,228,231
250,221,228,233,274,221,254,239,263,218,240,260,238,254,259,257,252,233,234,228,269,240,215,223,227
245,217,223,228,268,217,249,234,258,214,235,255,233,249,254,252,247,228,230,223,264,235,211,219,223
240,213,218,223,263,213,245,229,253,210,230,250,228,244,249,247,242,223,226,218,259,230,207,215,219
235,209,213,218,258,209,241,224,248,206,225,245,223,239,244,242,237,218,222,213,254,226,203,211,215
230,205,209,214,253,205,237,219,243,202,220,240,218,234,239,237,233,213,218,208,249,222,199,207,211
225,201,205,210,248,201,233,214,238,198,215,235,213,229,234,232,229,208,214,204,244,218,195,203,207
220,197,201,206,243,197,229,209,233,194,210,230,208,224,229,227,225,203,210,200,239,214,191,199,203
215,193,197,202,238,194,225,204,228,191,205,225,203,219,224,222,221,199,206,196,234,210,187,195,199
211,189,193,198,233,191,221,200,223,188,200,220,198,214,220,218,217,195,202,192,229,206,183,191,195
207,185,189,194,228,188,217,196,218,185,195,215,194,209,216,214,213,191,198,188,224,202,179,187,191
203,181,185,190,223,185,213,192,213,182,190,211,190,205,212,210,209,187,194,184,219,198,175,183,188
199,177,181,186,218,182,209,188,209,179,186,207,186,201,208,206,205,183,190,181,215,194,172,179,185
195,174,178,182,213,179,205,184,205,176,182,203,182,197,204,202,201,179,186,178,211,190,169,175,182
191,171,175,178,208,176,201,181,201,173,178,199,178,193,200,198,197,175,182,175,207,186,166,171,179
187,168,172,174,204,173,197,178,197,170,174,195,174,189,196,194,193,172,178,172,203,182,163,168,176
183,165,169,170,200,170,193,175,193,167,170,191,170,185,192,190,189,169,174,169,199,179,160,165,173
179,162,166,167,196,167,189,172,189,164,166,187,166,181,188,186,185,166,171,166,195,176,157,162,170
175,159,163,164,192,164,185,169,185,161,163,183,162,177,184,182,181,163,168,163,191,173,154,159,167
172,156,160,161,188,161,181,166,181,158,160,179,159,173,180,178,177,160,165,160,187,170,151,156,164
169,153,157,158,184,158,177,163,178,155,157,175,156,169,176,174,173,157,162,157,183,167,148,153,161
166,150,154,155,180,155,173,160,175,152,154,172,153,165,173,170,169,154,159,154,179,164,145,150,158
163,147,151,152,176,152,169,157,172,149,151,169,150,161,170,167,166,151,156,151,175,161,142,147,155
160,145,148,149,172,150,166,154,169,146,148,166,147,158,167,164,163,149,153,148,172,158,139,145,152
157,143,145,146,168,148,163,151,166,144,145,163,144,155,164,161,160,147,150,145,169,155,137,143,149
154,141,142,144,165,146,160,148,163,142,142,160,141,152,161,158,157,145,147,143,166,152,135,141,146
151,139,140,142,162,144,157,145,160,140,139,157,138,149,158,155,154,143,145,141,163,149,133,139,143
149,137,138,140,159,142,154,142,157,138,136,154,136,146,155,152,151,141,143,139,160,146,131,137,141
147,135,136,138,156,140,151,139,154,136,133,151,134,143,152,149,148,139,141,137,157,143,129,135,139
145,133,134,136,153,138,148,137,151,134,131,148,132,140,149,146,145,137,139,135,154,140,127,133,137
143,131,132,134,150,136,145,135,148,132,129,145,130,137,147,143,142,135,137,133,151,138,125,131,135
141,129,130,132,147,134,142,133,145,130,127,142,128,134,145,140,140,133,135,131,148,136,123,129,133
139,127,128,130,144,132,139,131,142,128,125,139,126,131,143,138,138,131,133,129,145,134,121,127,131
137,125,126,128,141,130,136,129,139,126,123,137,124,128,141,136,136,129,131,127,142,132,120,125,129
135,123,124,126,139,128,133,127,136,124,122,135,122,126,139,134,134,127,129,125,139,130,119,123,127
133,121,122,124,137,126,131,125,133,122,121,133,120,124,137,132,132,125,127,123,136,128,118,121,125
131,120,120,122,135,124,129,123,131,120,120,131,118,122,135,130,130,123,125,121,134,126,117,120,123
129,119,118,120,133,122,127,121,129,119,119,129,116,120,133,128,128,122,123,119,132,124,116,119,122
127,118,117,118,131,120,125,119,127,118,118,127,114,119,131,126,126,121,121,117,130,122,115,118,121
125,117,116,116,129,118,123,117,125,117,117,125,113,118,129,124,124,120,119,116,128,120,114,117,120
123,116,115,115,127,117,121,115,123,116,116,123,112,117,127,122,123,119,118,115,126,118,113,116,119
121,115,114,114,125,116,119,114,121,115,115,121,111,116,125,120,122,118,117,114,124,116,112,115,118
119,114,113,113,123,115,118,113,119,114,114,119,110,115,123,119,121,117,116,113,122,115,111,114,117
118,113,112,112,121,114,117,112,117,113,113,117,109,114,122,118,120,116,115,112,120,114,110,113,116
117,112,111,111,119,113,116,111,115,112,112,116,109,113,121,117,119,115,114,111,118,113,109,112,115
116,111,110,110,117,112,115,110,114,111,111,115,109,112,120,116,118,114,113,110,117,112,109,111,114
115,110,109,109,116,111,114,109,113,110,110,114,109,111,119,115,117,113,112,109,116,111,109,110,113
114,109,109,109,115,110,113,109,112,109,109,113,109,110,118,114,116,112,111,109,115,110,109,109,112
113,109,109,109,114,109,112,109,111,109,109,112,109,109,117,113,115,111,110,109,114,109,109,109,111
112,109,109,109,113,109,111,109,110,109,109,111,109,109,116,112,114,110,109,109,113,109,109,109,110
111,109,109,109,112,109,110,109,109,109,109,110,109,109,115,111,113,109,109,109,112,109,109,109,109
110,109,109,109,111,109,109,109,109,109,109,109,109,109,114,110,112,109,109,109,111,109,109,109,109
109,109,109,109,110,109,109,109,109,109,109,109,109,109,113,109,111,109,109,109,110,109,109,109,109
109,109,109,109,109,109,109,109,109,109,109,109,109,109,112,109,110,109,109,109,109,109,109,109,109
109,109,109,109,109,109,109,109,109,109,109,109,109,109,111,109,109,109,109,109,109,109,109,109,109
109,109,109,109,109,109,109,109,109,109,109,109,109,109,110,109,109,109,109,109,109,109,109,109,109
109,109,109,109,109,109,109,109,109,109,109,109,109,109,109,109,109,109,109,109,109,109,109,109,109
109,109,109,109,109,109,109,109,109,109,109,109,109,109,109,109,109,109,109,109,109,109,109,109,109
109,109,109,109,109,109,109,109,109,109,109,109,109,109,109,109,109,109,109,109,109,109,109,109,109
109,109,109,109,109,109,109,109,109,109,109,109,109,109,109,109,109,109,109,109,109,109,109,109,109
109,109,109,109,109,109,109,109,109,109,109,109,109,109,109,109,109,109,109,109,109,109,109,109,109
109,109,109,109,109,109,109,109,109,109,109,109,109,109,109,109,109,109,109,109,109,109,109,109,109
